<ImportExportXml version="9.1.0.18341" SolutionPackageVersion="9.1" languagecode="1033" generatedBy="CrmLive" xmlns:xsi="http://www.w3.org/2001/XMLSchema-instance">
  <SolutionManifest>
    <UniqueName>F5SpeechCommand</UniqueName>
    <LocalizedNames>
      <LocalizedName description="F5SpeechCommand" languagecode="1033" />
    </LocalizedNames>
    <Descriptions />
    <Version>1.0</Version>
    <Managed>1</Managed>
    <Publisher>
      <UniqueName>Cr54cb6</UniqueName>
      <LocalizedNames>
        <LocalizedName description="CDS Default Publisher" languagecode="1033" />
      </LocalizedNames>
      <Descriptions />
      <EMailAddress xsi:nil="true"></EMailAddress>
      <SupportingWebsiteUrl xsi:nil="true"></SupportingWebsiteUrl>
      <CustomizationPrefix>f5</CustomizationPrefix>
      <CustomizationOptionValuePrefix>39731</CustomizationOptionValuePrefix>
      <Addresses>
        <Address>
          <AddressNumber>1</AddressNumber>
          <AddressTypeCode xsi:nil="true"></AddressTypeCode>
          <City xsi:nil="true"></City>
          <County xsi:nil="true"></County>
          <Country xsi:nil="true"></Country>
          <Fax xsi:nil="true"></Fax>
          <FreightTermsCode xsi:nil="true"></FreightTermsCode>
          <ImportSequenceNumber xsi:nil="true"></ImportSequenceNumber>
          <Latitude xsi:nil="true"></Latitude>
          <Line1 xsi:nil="true"></Line1>
          <Line2 xsi:nil="true"></Line2>
          <Line3 xsi:nil="true"></Line3>
          <Longitude xsi:nil="true"></Longitude>
          <Name xsi:nil="true"></Name>
          <PostalCode xsi:nil="true"></PostalCode>
          <PostOfficeBox xsi:nil="true"></PostOfficeBox>
          <PrimaryContactName xsi:nil="true"></PrimaryContactName>
          <ShippingMethodCode xsi:nil="true"></ShippingMethodCode>
          <StateOrProvince xsi:nil="true"></StateOrProvince>
          <Telephone1 xsi:nil="true"></Telephone1>
          <Telephone2 xsi:nil="true"></Telephone2>
          <Telephone3 xsi:nil="true"></Telephone3>
          <TimeZoneRuleVersionNumber xsi:nil="true"></TimeZoneRuleVersionNumber>
          <UPSZone xsi:nil="true"></UPSZone>
          <UTCOffset xsi:nil="true"></UTCOffset>
          <UTCConversionTimeZoneCode xsi:nil="true"></UTCConversionTimeZoneCode>
        </Address>
        <Address>
          <AddressNumber>2</AddressNumber>
          <AddressTypeCode xsi:nil="true"></AddressTypeCode>
          <City xsi:nil="true"></City>
          <County xsi:nil="true"></County>
          <Country xsi:nil="true"></Country>
          <Fax xsi:nil="true"></Fax>
          <FreightTermsCode xsi:nil="true"></FreightTermsCode>
          <ImportSequenceNumber xsi:nil="true"></ImportSequenceNumber>
          <Latitude xsi:nil="true"></Latitude>
          <Line1 xsi:nil="true"></Line1>
          <Line2 xsi:nil="true"></Line2>
          <Line3 xsi:nil="true"></Line3>
          <Longitude xsi:nil="true"></Longitude>
          <Name xsi:nil="true"></Name>
          <PostalCode xsi:nil="true"></PostalCode>
          <PostOfficeBox xsi:nil="true"></PostOfficeBox>
          <PrimaryContactName xsi:nil="true"></PrimaryContactName>
          <ShippingMethodCode xsi:nil="true"></ShippingMethodCode>
          <StateOrProvince xsi:nil="true"></StateOrProvince>
          <Telephone1 xsi:nil="true"></Telephone1>
          <Telephone2 xsi:nil="true"></Telephone2>
          <Telephone3 xsi:nil="true"></Telephone3>
          <TimeZoneRuleVersionNumber xsi:nil="true"></TimeZoneRuleVersionNumber>
          <UPSZone xsi:nil="true"></UPSZone>
          <UTCOffset xsi:nil="true"></UTCOffset>
          <UTCConversionTimeZoneCode xsi:nil="true"></UTCConversionTimeZoneCode>
        </Address>
      </Addresses>
    </Publisher>
    <RootComponents>
      <RootComponent type="1" schemaName="account" behavior="2" />
      <RootComponent type="1" schemaName="contact" behavior="1" />
      <RootComponent type="1" schemaName="lead" behavior="1" />
      <RootComponent type="1" schemaName="opportunity" behavior="1" />
      <RootComponent type="50" schemaName=":RibbonDiffXml" behavior="0" />
      <RootComponent type="60" id="{1fed44d1-ae68-4a41-bd2b-f13acac4acfa}" behavior="0" />
      <RootComponent type="60" id="{661157fe-2fc9-4eaa-835f-5bfa2f7b64f7}" behavior="0" />
      <RootComponent type="60" id="{8448b78f-8f42-454e-8e2a-f8196b0419af}" behavior="0" />
      <RootComponent type="60" id="{a837e4a7-01b8-4f82-a475-be9abd67e667}" behavior="0" />
      <RootComponent type="60" id="{aa7c154f-e2f8-45db-b780-a9a8a96332fe}" behavior="0" />
      <RootComponent type="60" id="{c9e7ec2d-efca-4e4c-b3e3-f63c4bba5e4b}" behavior="0" />
      <RootComponent type="60" id="{e3b6ddb7-8df0-4410-ac7b-fd32e5053d38}" behavior="0" />
      <RootComponent type="60" id="{e3c588ee-8e11-49da-a5fe-3800f3f683de}" behavior="0" />
      <RootComponent type="61" schemaName="f5_/SpeechRecognitionEntityGrid" behavior="0" />
      <RootComponent type="61" schemaName="f5_/SpeechRecognitionHome" behavior="0" />
      <RootComponent type="61" schemaName="f5_/SpeechRecognitionMainForm" behavior="0" />
      <RootComponent type="61" schemaName="f5_/SpeechRecognitionQuickCreate" behavior="0" />
      <RootComponent type="61" schemaName="f5_Speech1616" behavior="0" />
      <RootComponent type="61" schemaName="f5_Speech3232" behavior="0" />
      <RootComponent type="62" schemaName="f5_SalesApp" behavior="0" />
      <RootComponent type="80" schemaName="f5_SalesApp" behavior="0" />
    </RootComponents>
    <MissingDependencies>
      <MissingDependency>
        <Required key="0" type="1" schemaName="opportunity" displayName="Opportunity" solution="msdynce_Sales (9.0.4.0076)" />
        <Dependent key="0" type="1" schemaName="opportunity" displayName="Opportunity" />
      </MissingDependency>
      <MissingDependency>
        <Required key="1" type="1" schemaName="lead" displayName="Lead" solution="msdynce_LeadManagement (9.0.4.0066)" />
        <Dependent key="1" type="1" schemaName="lead" displayName="Lead" />
      </MissingDependency>
      <MissingDependency>
        <Required key="0" type="1" schemaName="opportunity" displayName="Opportunity" solution="msdynce_Sales (9.0.4.0076)" />
        <Dependent key="2" type="60" displayName="Contact" parentDisplayName="Contact" id="{1fed44d1-ae68-4a41-bd2b-f13acac4acfa}" />
      </MissingDependency>
      <MissingDependency>
        <Required key="3" type="1" schemaName="incident" displayName="Case" solution="msdynce_Service (9.0.5.56)" />
        <Dependent key="2" type="60" displayName="Contact" parentDisplayName="Contact" id="{1fed44d1-ae68-4a41-bd2b-f13acac4acfa}" />
      </MissingDependency>
      <MissingDependency>
        <Required key="4" type="1" schemaName="entitlement" displayName="Entitlement" solution="msdynce_Service (9.0.5.56)" />
        <Dependent key="2" type="60" displayName="Contact" parentDisplayName="Contact" id="{1fed44d1-ae68-4a41-bd2b-f13acac4acfa}" />
      </MissingDependency>
      <MissingDependency>
        <Required key="5" type="2" schemaName="businesscard" displayName="Business Card" parentSchemaName="contact" parentDisplayName="Contact" solution="msdynce_SalesPatch201904 (9.0.1912.1007)" />
        <Dependent key="2" type="60" displayName="Contact" parentDisplayName="Contact" id="{1fed44d1-ae68-4a41-bd2b-f13acac4acfa}" />
      </MissingDependency>
      <MissingDependency>
        <Required key="6" type="2" schemaName="originatingleadid" displayName="Originating Lead" parentSchemaName="contact" parentDisplayName="Contact" solution="msdynce_LeadManagement (9.0.4.0066)" />
        <Dependent key="2" type="60" displayName="Contact" parentDisplayName="Contact" id="{1fed44d1-ae68-4a41-bd2b-f13acac4acfa}" />
      </MissingDependency>
      <MissingDependency>
        <Required key="7" type="2" schemaName="businesscardattributes" displayName="BusinessCardAttributes" parentSchemaName="contact" parentDisplayName="Contact" solution="msdynce_SalesPatch201904 (9.0.1912.1007)" />
        <Dependent key="2" type="60" displayName="Contact" parentDisplayName="Contact" id="{1fed44d1-ae68-4a41-bd2b-f13acac4acfa}" />
      </MissingDependency>
      <MissingDependency>
        <Required key="8" type="26" schemaName="My Active Cases" displayName="My Active Cases" parentSchemaName="incident" parentDisplayName="Case" solution="msdynce_Service (9.0.5.56)" id="{00000000-0000-0000-00aa-000010001028}" />
        <Dependent key="2" type="60" displayName="Contact" parentDisplayName="Contact" id="{1fed44d1-ae68-4a41-bd2b-f13acac4acfa}" />
      </MissingDependency>
      <MissingDependency>
        <Required key="9" type="26" schemaName="Recent Opportunities" displayName="Recent Opportunities" parentSchemaName="opportunity" parentDisplayName="Opportunity" solution="msdynce_Sales (9.0.4.0076)" id="{9c3f7ee8-eca7-e211-9fb6-00155dd0ea05}" />
        <Dependent key="2" type="60" displayName="Contact" parentDisplayName="Contact" id="{1fed44d1-ae68-4a41-bd2b-f13acac4acfa}" />
      </MissingDependency>
      <MissingDependency>
        <Required key="10" type="26" schemaName="All Entitlements" displayName="All Entitlements" parentSchemaName="entitlement" parentDisplayName="Entitlement" solution="msdynce_Service (9.0.5.56)" id="{aa69e7e2-913a-4a5a-8609-8ca443554909}" />
        <Dependent key="2" type="60" displayName="Contact" parentDisplayName="Contact" id="{1fed44d1-ae68-4a41-bd2b-f13acac4acfa}" />
      </MissingDependency>
      <MissingDependency>
        <Required key="11" type="26" schemaName="Recent Cases" displayName="Recent Cases" parentSchemaName="incident" parentDisplayName="Case" solution="msdynce_Service (9.0.5.56)" id="{ebd1d24a-eea7-e211-9fb6-00155dd0ea05}" />
        <Dependent key="2" type="60" displayName="Contact" parentDisplayName="Contact" id="{1fed44d1-ae68-4a41-bd2b-f13acac4acfa}" />
      </MissingDependency>
      <MissingDependency>
        <Required key="12" type="26" schemaName="My Open Opportunities" displayName="My Open Opportunities" parentSchemaName="opportunity" parentDisplayName="Opportunity" solution="msdynce_Sales (9.0.4.0076)" id="{00000000-0000-0000-00aa-000010003000}" />
        <Dependent key="2" type="60" displayName="Contact" parentDisplayName="Contact" id="{1fed44d1-ae68-4a41-bd2b-f13acac4acfa}" />
      </MissingDependency>
      <MissingDependency>
        <Required key="13" type="59" schemaName="Case Mix (By Business Unit)" displayName="Case Mix (By Business Unit)" parentSchemaName="incident" parentDisplayName="Case" solution="msdynce_Service (9.0.5.56)" id="{f10375a6-4893-de11-97d4-00155da3b01e}" />
        <Dependent key="2" type="60" displayName="Contact" parentDisplayName="Contact" id="{1fed44d1-ae68-4a41-bd2b-f13acac4acfa}" />
      </MissingDependency>
      <MissingDependency>
        <Required key="14" type="59" schemaName="Entitlements Expiration" displayName="Entitlements Expiration" parentSchemaName="entitlement" parentDisplayName="Entitlement" solution="msdynce_Service (9.0.5.56)" id="{fdb919bb-c6fc-4fc8-8fa5-67ace68e41d1}" />
        <Dependent key="2" type="60" displayName="Contact" parentDisplayName="Contact" id="{1fed44d1-ae68-4a41-bd2b-f13acac4acfa}" />
      </MissingDependency>
      <MissingDependency>
        <Required key="15" type="59" schemaName="Top Customers" displayName="Top Customers" parentSchemaName="opportunity" parentDisplayName="Opportunity" solution="msdynce_Sales (9.0.4.0076)" id="{8bc5fb18-48f2-4782-9e16-3d452fa4ddce}" />
        <Dependent key="2" type="60" displayName="Contact" parentDisplayName="Contact" id="{1fed44d1-ae68-4a41-bd2b-f13acac4acfa}" />
      </MissingDependency>
      <MissingDependency>
        <Required key="16" type="60" displayName="account contact card" parentDisplayName="Contact" solution="msdynce_AppCommon (9.0.4.0066)" id="{29de27bc-a257-4f29-99cf-bab4a84e688f}" />
        <Dependent key="2" type="60" displayName="Contact" parentDisplayName="Contact" id="{1fed44d1-ae68-4a41-bd2b-f13acac4acfa}" />
      </MissingDependency>
      <MissingDependency>
        <Required key="2" type="60" displayName="Contact" parentDisplayName="Contact" solution="msdynce_AppCommon (9.0.4.0066)" id="{1fed44d1-ae68-4a41-bd2b-f13acac4acfa}" />
        <Dependent key="2" type="60" displayName="Contact" parentDisplayName="Contact" id="{1fed44d1-ae68-4a41-bd2b-f13acac4acfa}" />
      </MissingDependency>
      <MissingDependency>
        <Required key="17" type="66" schemaName="Intelligence.BusinessCardReaderControl.BusinessCardReader" displayName="Intelligence.BusinessCardReaderControl.BusinessCardReader" solution="BaseCustomControlsCore (9.0.2005.3028)" />
        <Dependent key="2" type="60" displayName="Contact" parentDisplayName="Contact" id="{1fed44d1-ae68-4a41-bd2b-f13acac4acfa}" />
      </MissingDependency>
      <MissingDependency>
        <Required key="18" type="66" schemaName="MscrmControls.CardFeedContainer.CardFeedContainer" displayName="MscrmControls.CardFeedContainer.CardFeedContainer" solution="BaseCustomControlsCore (9.0.2005.3028)" />
        <Dependent key="2" type="60" displayName="Contact" parentDisplayName="Contact" id="{1fed44d1-ae68-4a41-bd2b-f13acac4acfa}" />
      </MissingDependency>
      <MissingDependency>
        <Required key="19" type="66" schemaName="MscrmControls.TalkingPointsControl.TalkingPoints" displayName="MscrmControls.TalkingPointsControl.TalkingPoints" solution="msdynce_Talkingpoints (9.0.1.70982)" />
        <Dependent key="2" type="60" displayName="Contact" parentDisplayName="Contact" id="{1fed44d1-ae68-4a41-bd2b-f13acac4acfa}" />
      </MissingDependency>
      <MissingDependency>
        <Required key="20" type="61" schemaName="Sales/Contact/Contact_main_system_library.js" displayName="Sales/Contact/Contact_main_system_library.js" solution="msdynce_SalesPatch201904 (9.0.1912.1007)" />
        <Dependent key="2" type="60" displayName="Contact" parentDisplayName="Contact" id="{1fed44d1-ae68-4a41-bd2b-f13acac4acfa}" />
      </MissingDependency>
      <MissingDependency>
        <Required key="21" type="61" schemaName="Sales/ClientCommon/Sales_ClientCommon.js" displayName="Sales/ClientCommon/Sales_ClientCommon.js" solution="msdynce_Sales (9.0.4.0076)" />
        <Dependent key="2" type="60" displayName="Contact" parentDisplayName="Contact" id="{1fed44d1-ae68-4a41-bd2b-f13acac4acfa}" />
      </MissingDependency>
      <MissingDependency>
        <Required key="22" type="61" schemaName="msdyn_talkingpointsloader.js" displayName="msdyn_talkingpointsloader.js" solution="msdynce_Talkingpoints (9.0.1.70982)" />
        <Dependent key="2" type="60" displayName="Contact" parentDisplayName="Contact" id="{1fed44d1-ae68-4a41-bd2b-f13acac4acfa}" />
      </MissingDependency>
      <MissingDependency>
        <Required key="23" type="61" schemaName="msdyn_/Contact/Contact.Library.js" displayName="msdyn_/Contact/Contact.Library.js" solution="FieldService (8.8.0.88)" />
        <Dependent key="2" type="60" displayName="Contact" parentDisplayName="Contact" id="{1fed44d1-ae68-4a41-bd2b-f13acac4acfa}" />
      </MissingDependency>
      <MissingDependency>
        <Required key="24" type="1" schemaName="competitor" displayName="Competitor" solution="msdynce_Sales (9.0.4.0076)" />
        <Dependent key="25" type="60" displayName="Lead" parentDisplayName="Lead" id="{e3b6ddb7-8df0-4410-ac7b-fd32e5053d38}" />
      </MissingDependency>
      <MissingDependency>
        <Required key="26" type="2" schemaName="companyname" displayName="Company Name" parentSchemaName="lead" parentDisplayName="Lead" solution="msdynce_LeadManagement (9.0.4.0066)" />
        <Dependent key="25" type="60" displayName="Lead" parentDisplayName="Lead" id="{e3b6ddb7-8df0-4410-ac7b-fd32e5053d38}" />
      </MissingDependency>
      <MissingDependency>
        <Required key="27" type="2" schemaName="preferredcontactmethodcode" displayName="Preferred Method of Contact" parentSchemaName="lead" parentDisplayName="Lead" solution="msdynce_LeadManagement (9.0.4.0066)" />
        <Dependent key="25" type="60" displayName="Lead" parentDisplayName="Lead" id="{e3b6ddb7-8df0-4410-ac7b-fd32e5053d38}" />
      </MissingDependency>
      <MissingDependency>
        <Required key="28" type="2" schemaName="jobtitle" displayName="Job Title" parentSchemaName="lead" parentDisplayName="Lead" solution="msdynce_LeadManagement (9.0.4.0066)" />
        <Dependent key="25" type="60" displayName="Lead" parentDisplayName="Lead" id="{e3b6ddb7-8df0-4410-ac7b-fd32e5053d38}" />
      </MissingDependency>
      <MissingDependency>
        <Required key="29" type="2" schemaName="numberofemployees" displayName="No. of Employees" parentSchemaName="lead" parentDisplayName="Lead" solution="msdynce_LeadManagement (9.0.4.0066)" />
        <Dependent key="25" type="60" displayName="Lead" parentDisplayName="Lead" id="{e3b6ddb7-8df0-4410-ac7b-fd32e5053d38}" />
      </MissingDependency>
      <MissingDependency>
        <Required key="30" type="2" schemaName="industrycode" displayName="Industry" parentSchemaName="lead" parentDisplayName="Lead" solution="msdynce_LeadManagement (9.0.4.0066)" />
        <Dependent key="25" type="60" displayName="Lead" parentDisplayName="Lead" id="{e3b6ddb7-8df0-4410-ac7b-fd32e5053d38}" />
      </MissingDependency>
      <MissingDependency>
        <Required key="31" type="2" schemaName="lastusedincampaign" displayName="Last Campaign Date" parentSchemaName="lead" parentDisplayName="Lead" solution="msdynce_LeadManagement (9.0.4.0066)" />
        <Dependent key="25" type="60" displayName="Lead" parentDisplayName="Lead" id="{e3b6ddb7-8df0-4410-ac7b-fd32e5053d38}" />
      </MissingDependency>
      <MissingDependency>
        <Required key="32" type="2" schemaName="transactioncurrencyid" displayName="Currency" parentSchemaName="lead" parentDisplayName="Lead" solution="msdynce_LeadManagement (9.0.4.0066)" />
        <Dependent key="25" type="60" displayName="Lead" parentDisplayName="Lead" id="{e3b6ddb7-8df0-4410-ac7b-fd32e5053d38}" />
      </MissingDependency>
      <MissingDependency>
        <Required key="33" type="2" schemaName="mobilephone" displayName="Mobile Phone" parentSchemaName="lead" parentDisplayName="Lead" solution="msdynce_LeadManagement (9.0.4.0066)" />
        <Dependent key="25" type="60" displayName="Lead" parentDisplayName="Lead" id="{e3b6ddb7-8df0-4410-ac7b-fd32e5053d38}" />
      </MissingDependency>
      <MissingDependency>
        <Required key="34" type="2" schemaName="websiteurl" displayName="Website" parentSchemaName="lead" parentDisplayName="Lead" solution="msdynce_LeadManagement (9.0.4.0066)" />
        <Dependent key="25" type="60" displayName="Lead" parentDisplayName="Lead" id="{e3b6ddb7-8df0-4410-ac7b-fd32e5053d38}" />
      </MissingDependency>
      <MissingDependency>
        <Required key="35" type="2" schemaName="msdyn_ordertype" displayName="Type" parentSchemaName="lead" parentDisplayName="Lead" solution="ProjectService (3.10.0.31)" />
        <Dependent key="25" type="60" displayName="Lead" parentDisplayName="Lead" id="{e3b6ddb7-8df0-4410-ac7b-fd32e5053d38}" />
      </MissingDependency>
      <MissingDependency>
        <Required key="36" type="2" schemaName="emailaddress1" displayName="Email" parentSchemaName="lead" parentDisplayName="Lead" solution="msdynce_LeadManagement (9.0.4.0066)" />
        <Dependent key="25" type="60" displayName="Lead" parentDisplayName="Lead" id="{e3b6ddb7-8df0-4410-ac7b-fd32e5053d38}" />
      </MissingDependency>
      <MissingDependency>
        <Required key="37" type="2" schemaName="donotsendmm" displayName="Marketing Material" parentSchemaName="lead" parentDisplayName="Lead" solution="msdynce_LeadManagement (9.0.4.0066)" />
        <Dependent key="25" type="60" displayName="Lead" parentDisplayName="Lead" id="{e3b6ddb7-8df0-4410-ac7b-fd32e5053d38}" />
      </MissingDependency>
      <MissingDependency>
        <Required key="38" type="2" schemaName="telephone1" displayName="Business Phone" parentSchemaName="lead" parentDisplayName="Lead" solution="msdynce_LeadManagement (9.0.4.0066)" />
        <Dependent key="25" type="60" displayName="Lead" parentDisplayName="Lead" id="{e3b6ddb7-8df0-4410-ac7b-fd32e5053d38}" />
      </MissingDependency>
      <MissingDependency>
        <Required key="39" type="2" schemaName="businesscardattributes" displayName="BusinessCardAttributes" parentSchemaName="lead" parentDisplayName="Lead" solution="msdynce_SalesPatch201904 (9.0.1912.1007)" />
        <Dependent key="25" type="60" displayName="Lead" parentDisplayName="Lead" id="{e3b6ddb7-8df0-4410-ac7b-fd32e5053d38}" />
      </MissingDependency>
      <MissingDependency>
        <Required key="40" type="2" schemaName="campaignid" displayName="Source Campaign" parentSchemaName="lead" parentDisplayName="Lead" solution="msdynce_Marketing (9.0.4.37)" />
        <Dependent key="25" type="60" displayName="Lead" parentDisplayName="Lead" id="{e3b6ddb7-8df0-4410-ac7b-fd32e5053d38}" />
      </MissingDependency>
      <MissingDependency>
        <Required key="41" type="2" schemaName="donotbulkemail" displayName="Do not allow Bulk Emails" parentSchemaName="lead" parentDisplayName="Lead" solution="msdynce_LeadManagement (9.0.4.0066)" />
        <Dependent key="25" type="60" displayName="Lead" parentDisplayName="Lead" id="{e3b6ddb7-8df0-4410-ac7b-fd32e5053d38}" />
      </MissingDependency>
      <MissingDependency>
        <Required key="42" type="2" schemaName="revenue" displayName="Annual Revenue" parentSchemaName="lead" parentDisplayName="Lead" solution="msdynce_LeadManagement (9.0.4.0066)" />
        <Dependent key="25" type="60" displayName="Lead" parentDisplayName="Lead" id="{e3b6ddb7-8df0-4410-ac7b-fd32e5053d38}" />
      </MissingDependency>
      <MissingDependency>
        <Required key="43" type="2" schemaName="leadsourcecode" displayName="Lead Source" parentSchemaName="lead" parentDisplayName="Lead" solution="msdynce_LeadManagement (9.0.4.0066)" />
        <Dependent key="25" type="60" displayName="Lead" parentDisplayName="Lead" id="{e3b6ddb7-8df0-4410-ac7b-fd32e5053d38}" />
      </MissingDependency>
      <MissingDependency>
        <Required key="44" type="2" schemaName="statuscode" displayName="Status Reason" parentSchemaName="lead" parentDisplayName="Lead" solution="msdynce_LeadManagement (9.0.4.0066)" />
        <Dependent key="25" type="60" displayName="Lead" parentDisplayName="Lead" id="{e3b6ddb7-8df0-4410-ac7b-fd32e5053d38}" />
      </MissingDependency>
      <MissingDependency>
        <Required key="45" type="2" schemaName="subject" displayName="Topic" parentSchemaName="lead" parentDisplayName="Lead" solution="msdynce_LeadManagement (9.0.4.0066)" />
        <Dependent key="25" type="60" displayName="Lead" parentDisplayName="Lead" id="{e3b6ddb7-8df0-4410-ac7b-fd32e5053d38}" />
      </MissingDependency>
      <MissingDependency>
        <Required key="46" type="2" schemaName="businesscard" displayName="Business Card" parentSchemaName="lead" parentDisplayName="Lead" solution="msdynce_SalesPatch201904 (9.0.1912.1007)" />
        <Dependent key="25" type="60" displayName="Lead" parentDisplayName="Lead" id="{e3b6ddb7-8df0-4410-ac7b-fd32e5053d38}" />
      </MissingDependency>
      <MissingDependency>
        <Required key="47" type="2" schemaName="donotpostalmail" displayName="Do not allow Mails" parentSchemaName="lead" parentDisplayName="Lead" solution="msdynce_LeadManagement (9.0.4.0066)" />
        <Dependent key="25" type="60" displayName="Lead" parentDisplayName="Lead" id="{e3b6ddb7-8df0-4410-ac7b-fd32e5053d38}" />
      </MissingDependency>
      <MissingDependency>
        <Required key="48" type="2" schemaName="ownerid" displayName="Owner" parentSchemaName="lead" parentDisplayName="Lead" solution="msdynce_LeadManagement (9.0.4.0066)" />
        <Dependent key="25" type="60" displayName="Lead" parentDisplayName="Lead" id="{e3b6ddb7-8df0-4410-ac7b-fd32e5053d38}" />
      </MissingDependency>
      <MissingDependency>
        <Required key="49" type="2" schemaName="description" displayName="Description" parentSchemaName="lead" parentDisplayName="Lead" solution="msdynce_LeadManagement (9.0.4.0066)" />
        <Dependent key="25" type="60" displayName="Lead" parentDisplayName="Lead" id="{e3b6ddb7-8df0-4410-ac7b-fd32e5053d38}" />
      </MissingDependency>
      <MissingDependency>
        <Required key="50" type="2" schemaName="sic" displayName="SIC Code" parentSchemaName="lead" parentDisplayName="Lead" solution="msdynce_LeadManagement (9.0.4.0066)" />
        <Dependent key="25" type="60" displayName="Lead" parentDisplayName="Lead" id="{e3b6ddb7-8df0-4410-ac7b-fd32e5053d38}" />
      </MissingDependency>
      <MissingDependency>
        <Required key="51" type="2" schemaName="donotemail" displayName="Do not allow Emails" parentSchemaName="lead" parentDisplayName="Lead" solution="msdynce_LeadManagement (9.0.4.0066)" />
        <Dependent key="25" type="60" displayName="Lead" parentDisplayName="Lead" id="{e3b6ddb7-8df0-4410-ac7b-fd32e5053d38}" />
      </MissingDependency>
      <MissingDependency>
        <Required key="52" type="2" schemaName="fullname" displayName="Name" parentSchemaName="lead" parentDisplayName="Lead" solution="msdynce_LeadManagement (9.0.4.0066)" />
        <Dependent key="25" type="60" displayName="Lead" parentDisplayName="Lead" id="{e3b6ddb7-8df0-4410-ac7b-fd32e5053d38}" />
      </MissingDependency>
      <MissingDependency>
        <Required key="53" type="2" schemaName="address1_composite" displayName="Address 1" parentSchemaName="lead" parentDisplayName="Lead" solution="msdynce_LeadManagement (9.0.4.0066)" />
        <Dependent key="25" type="60" displayName="Lead" parentDisplayName="Lead" id="{e3b6ddb7-8df0-4410-ac7b-fd32e5053d38}" />
      </MissingDependency>
      <MissingDependency>
        <Required key="54" type="2" schemaName="donotphone" displayName="Do not allow Phone Calls" parentSchemaName="lead" parentDisplayName="Lead" solution="msdynce_LeadManagement (9.0.4.0066)" />
        <Dependent key="25" type="60" displayName="Lead" parentDisplayName="Lead" id="{e3b6ddb7-8df0-4410-ac7b-fd32e5053d38}" />
      </MissingDependency>
      <MissingDependency>
        <Required key="55" type="2" schemaName="followemail" displayName="Follow Email Activity" parentSchemaName="lead" parentDisplayName="Lead" solution="msdynce_LeadManagement (9.0.4.0066)" />
        <Dependent key="25" type="60" displayName="Lead" parentDisplayName="Lead" id="{e3b6ddb7-8df0-4410-ac7b-fd32e5053d38}" />
      </MissingDependency>
      <MissingDependency>
        <Required key="56" type="2" schemaName="leadqualitycode" displayName="Rating" parentSchemaName="lead" parentDisplayName="Lead" solution="msdynce_LeadManagement (9.0.4.0066)" />
        <Dependent key="25" type="60" displayName="Lead" parentDisplayName="Lead" id="{e3b6ddb7-8df0-4410-ac7b-fd32e5053d38}" />
      </MissingDependency>
      <MissingDependency>
        <Required key="57" type="26" schemaName="All Competitors (summary)" displayName="All Competitors (summary)" parentSchemaName="competitor" parentDisplayName="Competitor" solution="msdynce_Sales (9.0.4.0076)" id="{57bca9ac-87a0-4c28-adc8-2d0a4645f29e}" />
        <Dependent key="25" type="60" displayName="Lead" parentDisplayName="Lead" id="{e3b6ddb7-8df0-4410-ac7b-fd32e5053d38}" />
      </MissingDependency>
      <MissingDependency>
        <Required key="58" type="26" schemaName="Campaign Lookup View" displayName="Campaign Lookup View" parentSchemaName="campaign" parentDisplayName="Campaign" solution="msdynce_Marketing (9.0.4.37)" id="{0e76dc73-2052-484e-8c00-a760f8d522ec}" />
        <Dependent key="25" type="60" displayName="Lead" parentDisplayName="Lead" id="{e3b6ddb7-8df0-4410-ac7b-fd32e5053d38}" />
      </MissingDependency>
      <MissingDependency>
        <Required key="25" type="60" displayName="Lead" parentDisplayName="Lead" solution="msdynce_LeadManagement (9.0.4.0066)" id="{e3b6ddb7-8df0-4410-ac7b-fd32e5053d38}" />
        <Dependent key="25" type="60" displayName="Lead" parentDisplayName="Lead" id="{e3b6ddb7-8df0-4410-ac7b-fd32e5053d38}" />
      </MissingDependency>
      <MissingDependency>
        <Required key="18" type="66" schemaName="MscrmControls.CardFeedContainer.CardFeedContainer" displayName="MscrmControls.CardFeedContainer.CardFeedContainer" solution="BaseCustomControlsCore (9.0.2005.3028)" />
        <Dependent key="25" type="60" displayName="Lead" parentDisplayName="Lead" id="{e3b6ddb7-8df0-4410-ac7b-fd32e5053d38}" />
      </MissingDependency>
      <MissingDependency>
        <Required key="17" type="66" schemaName="Intelligence.BusinessCardReaderControl.BusinessCardReader" displayName="Intelligence.BusinessCardReaderControl.BusinessCardReader" solution="BaseCustomControlsCore (9.0.2005.3028)" />
        <Dependent key="25" type="60" displayName="Lead" parentDisplayName="Lead" id="{e3b6ddb7-8df0-4410-ac7b-fd32e5053d38}" />
      </MissingDependency>
      <MissingDependency>
        <Required key="59" type="66" schemaName="MscrmControls.FlipSwitch.FlipSwitchControl" displayName="MscrmControls.FlipSwitch.FlipSwitchControl" solution="CustomControlsCore (9.1.0000.18341)" />
        <Dependent key="25" type="60" displayName="Lead" parentDisplayName="Lead" id="{e3b6ddb7-8df0-4410-ac7b-fd32e5053d38}" />
      </MissingDependency>
      <MissingDependency>
        <Required key="60" type="66" schemaName="MscrmControls.Grid.ReadOnlyGrid" displayName="MscrmControls.Grid.ReadOnlyGrid" solution="BaseCustomControlsCore (9.0.2005.3028)" />
        <Dependent key="25" type="60" displayName="Lead" parentDisplayName="Lead" id="{e3b6ddb7-8df0-4410-ac7b-fd32e5053d38}" />
      </MissingDependency>
      <MissingDependency>
        <Required key="21" type="61" schemaName="Sales/ClientCommon/Sales_ClientCommon.js" displayName="Sales/ClientCommon/Sales_ClientCommon.js" solution="msdynce_Sales (9.0.4.0076)" />
        <Dependent key="25" type="60" displayName="Lead" parentDisplayName="Lead" id="{e3b6ddb7-8df0-4410-ac7b-fd32e5053d38}" />
      </MissingDependency>
      <MissingDependency>
        <Required key="61" type="61" schemaName="Sales/Lead/Lead_main_system_library.js" displayName="Sales/Lead/Lead_main_system_library.js" solution="msdynce_SalesPatch201904 (9.0.1912.1007)" />
        <Dependent key="25" type="60" displayName="Lead" parentDisplayName="Lead" id="{e3b6ddb7-8df0-4410-ac7b-fd32e5053d38}" />
      </MissingDependency>
      <MissingDependency>
        <Required key="62" type="61" schemaName="msdyn_/Lead/FieldService.Lead.js" displayName="msdyn_/Lead/FieldService.Lead.js" solution="FieldService (8.8.0.88)" />
        <Dependent key="25" type="60" displayName="Lead" parentDisplayName="Lead" id="{e3b6ddb7-8df0-4410-ac7b-fd32e5053d38}" />
      </MissingDependency>
      <MissingDependency>
        <Required key="63" type="1" schemaName="opportunityproduct" displayName="Opportunity Line" solution="msdynce_Sales (9.0.4.0076)" />
        <Dependent key="64" type="60" displayName="Opportunity" parentDisplayName="Opportunity" id="{a837e4a7-01b8-4f82-a475-be9abd67e667}" />
      </MissingDependency>
      <MissingDependency>
        <Required key="65" type="1" schemaName="quote" displayName="Quote" solution="msdynce_Sales (9.0.4.0076)" />
        <Dependent key="64" type="60" displayName="Opportunity" parentDisplayName="Opportunity" id="{a837e4a7-01b8-4f82-a475-be9abd67e667}" />
      </MissingDependency>
      <MissingDependency>
        <Required key="24" type="1" schemaName="competitor" displayName="Competitor" solution="msdynce_Sales (9.0.4.0076)" />
        <Dependent key="64" type="60" displayName="Opportunity" parentDisplayName="Opportunity" id="{a837e4a7-01b8-4f82-a475-be9abd67e667}" />
      </MissingDependency>
      <MissingDependency>
        <Required key="66" type="2" schemaName="transactioncurrencyid" displayName="Currency" parentSchemaName="opportunity" parentDisplayName="Opportunity" solution="msdynce_Sales (9.0.4.0076)" />
        <Dependent key="64" type="60" displayName="Opportunity" parentDisplayName="Opportunity" id="{a837e4a7-01b8-4f82-a475-be9abd67e667}" />
      </MissingDependency>
      <MissingDependency>
        <Required key="67" type="2" schemaName="ownerid" displayName="Owner" parentSchemaName="opportunity" parentDisplayName="Opportunity" solution="msdynce_Sales (9.0.4.0076)" />
        <Dependent key="64" type="60" displayName="Opportunity" parentDisplayName="Opportunity" id="{a837e4a7-01b8-4f82-a475-be9abd67e667}" />
      </MissingDependency>
      <MissingDependency>
        <Required key="68" type="2" schemaName="budgetamount" displayName="Budget Amount" parentSchemaName="opportunity" parentDisplayName="Opportunity" solution="msdynce_Sales (9.0.4.0076)" />
        <Dependent key="64" type="60" displayName="Opportunity" parentDisplayName="Opportunity" id="{a837e4a7-01b8-4f82-a475-be9abd67e667}" />
      </MissingDependency>
      <MissingDependency>
        <Required key="69" type="2" schemaName="discountamount" displayName="Opportunity Discount Amount" parentSchemaName="opportunity" parentDisplayName="Opportunity" solution="msdynce_Sales (9.0.4.0076)" />
        <Dependent key="64" type="60" displayName="Opportunity" parentDisplayName="Opportunity" id="{a837e4a7-01b8-4f82-a475-be9abd67e667}" />
      </MissingDependency>
      <MissingDependency>
        <Required key="70" type="2" schemaName="currentsituation" displayName="Current Situation" parentSchemaName="opportunity" parentDisplayName="Opportunity" solution="msdynce_Sales (9.0.4.0076)" />
        <Dependent key="64" type="60" displayName="Opportunity" parentDisplayName="Opportunity" id="{a837e4a7-01b8-4f82-a475-be9abd67e667}" />
      </MissingDependency>
      <MissingDependency>
        <Required key="71" type="2" schemaName="pricelevelid" displayName="Price List" parentSchemaName="opportunity" parentDisplayName="Opportunity" solution="msdynce_Sales (9.0.4.0076)" />
        <Dependent key="64" type="60" displayName="Opportunity" parentDisplayName="Opportunity" id="{a837e4a7-01b8-4f82-a475-be9abd67e667}" />
      </MissingDependency>
      <MissingDependency>
        <Required key="72" type="2" schemaName="proposedsolution" displayName="Proposed Solution" parentSchemaName="opportunity" parentDisplayName="Opportunity" solution="msdynce_Sales (9.0.4.0076)" />
        <Dependent key="64" type="60" displayName="Opportunity" parentDisplayName="Opportunity" id="{a837e4a7-01b8-4f82-a475-be9abd67e667}" />
      </MissingDependency>
      <MissingDependency>
        <Required key="73" type="2" schemaName="msdyn_workordertype" displayName="Work Order Type" parentSchemaName="opportunity" parentDisplayName="Opportunity" solution="FieldService (8.8.0.88)" />
        <Dependent key="64" type="60" displayName="Opportunity" parentDisplayName="Opportunity" id="{a837e4a7-01b8-4f82-a475-be9abd67e667}" />
      </MissingDependency>
      <MissingDependency>
        <Required key="74" type="2" schemaName="purchasetimeframe" displayName="Purchase Timeframe" parentSchemaName="opportunity" parentDisplayName="Opportunity" solution="msdynce_Sales (9.0.4.0076)" />
        <Dependent key="64" type="60" displayName="Opportunity" parentDisplayName="Opportunity" id="{a837e4a7-01b8-4f82-a475-be9abd67e667}" />
      </MissingDependency>
      <MissingDependency>
        <Required key="75" type="2" schemaName="parentbundleidref" displayName="Parent bundle product" parentSchemaName="opportunityproduct" parentDisplayName="Opportunity Line" solution="msdynce_SalesPatch (9.0.1904.3002)" />
        <Dependent key="64" type="60" displayName="Opportunity" parentDisplayName="Opportunity" id="{a837e4a7-01b8-4f82-a475-be9abd67e667}" />
      </MissingDependency>
      <MissingDependency>
        <Required key="76" type="2" schemaName="parentaccountid" displayName="Account" parentSchemaName="opportunity" parentDisplayName="Opportunity" solution="msdynce_Sales (9.0.4.0076)" />
        <Dependent key="64" type="60" displayName="Opportunity" parentDisplayName="Opportunity" id="{a837e4a7-01b8-4f82-a475-be9abd67e667}" />
      </MissingDependency>
      <MissingDependency>
        <Required key="77" type="2" schemaName="purchaseprocess" displayName="Purchase Process" parentSchemaName="opportunity" parentDisplayName="Opportunity" solution="msdynce_Sales (9.0.4.0076)" />
        <Dependent key="64" type="60" displayName="Opportunity" parentDisplayName="Opportunity" id="{a837e4a7-01b8-4f82-a475-be9abd67e667}" />
      </MissingDependency>
      <MissingDependency>
        <Required key="78" type="2" schemaName="msdyn_forecastcategory" displayName="Forecast category" parentSchemaName="opportunity" parentDisplayName="Opportunity" solution="msdyn_Forecasting (9.0.2005.3030)" />
        <Dependent key="64" type="60" displayName="Opportunity" parentDisplayName="Opportunity" id="{a837e4a7-01b8-4f82-a475-be9abd67e667}" />
      </MissingDependency>
      <MissingDependency>
        <Required key="79" type="2" schemaName="discountpercentage" displayName="Opportunity Discount (%)" parentSchemaName="opportunity" parentDisplayName="Opportunity" solution="msdynce_Sales (9.0.4.0076)" />
        <Dependent key="64" type="60" displayName="Opportunity" parentDisplayName="Opportunity" id="{a837e4a7-01b8-4f82-a475-be9abd67e667}" />
      </MissingDependency>
      <MissingDependency>
        <Required key="80" type="2" schemaName="isrevenuesystemcalculated" displayName="Revenue" parentSchemaName="opportunity" parentDisplayName="Opportunity" solution="msdynce_Sales (9.0.4.0076)" />
        <Dependent key="64" type="60" displayName="Opportunity" parentDisplayName="Opportunity" id="{a837e4a7-01b8-4f82-a475-be9abd67e667}" />
      </MissingDependency>
      <MissingDependency>
        <Required key="81" type="2" schemaName="parentcontactid" displayName="Contact" parentSchemaName="opportunity" parentDisplayName="Opportunity" solution="msdynce_Sales (9.0.4.0076)" />
        <Dependent key="64" type="60" displayName="Opportunity" parentDisplayName="Opportunity" id="{a837e4a7-01b8-4f82-a475-be9abd67e667}" />
      </MissingDependency>
      <MissingDependency>
        <Required key="82" type="2" schemaName="estimatedclosedate" displayName="Est. Close Date" parentSchemaName="opportunity" parentDisplayName="Opportunity" solution="msdynce_Sales (9.0.4.0076)" />
        <Dependent key="64" type="60" displayName="Opportunity" parentDisplayName="Opportunity" id="{a837e4a7-01b8-4f82-a475-be9abd67e667}" />
      </MissingDependency>
      <MissingDependency>
        <Required key="83" type="2" schemaName="statuscode" displayName="Status Reason" parentSchemaName="opportunity" parentDisplayName="Opportunity" solution="msdynce_Sales (9.0.4.0076)" />
        <Dependent key="64" type="60" displayName="Opportunity" parentDisplayName="Opportunity" id="{a837e4a7-01b8-4f82-a475-be9abd67e667}" />
      </MissingDependency>
      <MissingDependency>
        <Required key="84" type="2" schemaName="customerneed" displayName="Customer Need" parentSchemaName="opportunity" parentDisplayName="Opportunity" solution="msdynce_Sales (9.0.4.0076)" />
        <Dependent key="64" type="60" displayName="Opportunity" parentDisplayName="Opportunity" id="{a837e4a7-01b8-4f82-a475-be9abd67e667}" />
      </MissingDependency>
      <MissingDependency>
        <Required key="85" type="2" schemaName="totalamountlessfreight" displayName="Total Pre-Freight Amount" parentSchemaName="opportunity" parentDisplayName="Opportunity" solution="msdynce_Sales (9.0.4.0076)" />
        <Dependent key="64" type="60" displayName="Opportunity" parentDisplayName="Opportunity" id="{a837e4a7-01b8-4f82-a475-be9abd67e667}" />
      </MissingDependency>
      <MissingDependency>
        <Required key="86" type="2" schemaName="name" displayName="Topic" parentSchemaName="opportunity" parentDisplayName="Opportunity" solution="msdynce_Sales (9.0.4.0076)" />
        <Dependent key="64" type="60" displayName="Opportunity" parentDisplayName="Opportunity" id="{a837e4a7-01b8-4f82-a475-be9abd67e667}" />
      </MissingDependency>
      <MissingDependency>
        <Required key="87" type="2" schemaName="totallineitemamount" displayName="Total Detail Amount" parentSchemaName="opportunity" parentDisplayName="Opportunity" solution="msdynce_Sales (9.0.4.0076)" />
        <Dependent key="64" type="60" displayName="Opportunity" parentDisplayName="Opportunity" id="{a837e4a7-01b8-4f82-a475-be9abd67e667}" />
      </MissingDependency>
      <MissingDependency>
        <Required key="88" type="2" schemaName="totalamount" displayName="Total Amount" parentSchemaName="opportunity" parentDisplayName="Opportunity" solution="msdynce_Sales (9.0.4.0076)" />
        <Dependent key="64" type="60" displayName="Opportunity" parentDisplayName="Opportunity" id="{a837e4a7-01b8-4f82-a475-be9abd67e667}" />
      </MissingDependency>
      <MissingDependency>
        <Required key="89" type="2" schemaName="description" displayName="Description" parentSchemaName="opportunity" parentDisplayName="Opportunity" solution="msdynce_Sales (9.0.4.0076)" />
        <Dependent key="64" type="60" displayName="Opportunity" parentDisplayName="Opportunity" id="{a837e4a7-01b8-4f82-a475-be9abd67e667}" />
      </MissingDependency>
      <MissingDependency>
        <Required key="90" type="2" schemaName="totaltax" displayName="Total Tax" parentSchemaName="opportunity" parentDisplayName="Opportunity" solution="msdynce_Sales (9.0.4.0076)" />
        <Dependent key="64" type="60" displayName="Opportunity" parentDisplayName="Opportunity" id="{a837e4a7-01b8-4f82-a475-be9abd67e667}" />
      </MissingDependency>
      <MissingDependency>
        <Required key="91" type="2" schemaName="freightamount" displayName="Freight Amount" parentSchemaName="opportunity" parentDisplayName="Opportunity" solution="msdynce_Sales (9.0.4.0076)" />
        <Dependent key="64" type="60" displayName="Opportunity" parentDisplayName="Opportunity" id="{a837e4a7-01b8-4f82-a475-be9abd67e667}" />
      </MissingDependency>
      <MissingDependency>
        <Required key="92" type="2" schemaName="msdyn_ordertype" displayName="Order Type" parentSchemaName="opportunity" parentDisplayName="Opportunity" solution="ProjectService (3.10.0.31)" />
        <Dependent key="64" type="60" displayName="Opportunity" parentDisplayName="Opportunity" id="{a837e4a7-01b8-4f82-a475-be9abd67e667}" />
      </MissingDependency>
      <MissingDependency>
        <Required key="93" type="2" schemaName="estimatedvalue" displayName="Est. Revenue" parentSchemaName="opportunity" parentDisplayName="Opportunity" solution="msdynce_Sales (9.0.4.0076)" />
        <Dependent key="64" type="60" displayName="Opportunity" parentDisplayName="Opportunity" id="{a837e4a7-01b8-4f82-a475-be9abd67e667}" />
      </MissingDependency>
      <MissingDependency>
        <Required key="94" type="10" schemaName="msdyn_msdyn_workordertype_opportunity_WorkOrderType" displayName="msdyn_msdyn_workordertype_opportunity_WorkOrderType" parentSchemaName="msdyn_workordertype" parentDisplayName="Work Order Type" solution="FieldService (8.8.0.88)" />
        <Dependent key="64" type="60" displayName="Opportunity" parentDisplayName="Opportunity" id="{a837e4a7-01b8-4f82-a475-be9abd67e667}" />
      </MissingDependency>
      <MissingDependency>
        <Required key="95" type="10" schemaName="msdyn_opportunity_msdyn_workorder" displayName="msdyn_opportunity_msdyn_workorder" parentSchemaName="opportunity" parentDisplayName="Opportunity" solution="FieldService (8.8.0.88)" />
        <Dependent key="64" type="60" displayName="Opportunity" parentDisplayName="Opportunity" id="{a837e4a7-01b8-4f82-a475-be9abd67e667}" />
      </MissingDependency>
      <MissingDependency>
        <Required key="96" type="26" schemaName="Opportunity Product Inline Edit View" displayName="Opportunity Product Inline Edit View" parentSchemaName="opportunityproduct" parentDisplayName="Opportunity Line" solution="msdynce_Sales (9.0.4.0076)" id="{01010de7-749e-4fe6-8037-aca560a4fcbe}" />
        <Dependent key="64" type="60" displayName="Opportunity" parentDisplayName="Opportunity" id="{a837e4a7-01b8-4f82-a475-be9abd67e667}" />
      </MissingDependency>
      <MissingDependency>
        <Required key="57" type="26" schemaName="All Competitors (summary)" displayName="All Competitors (summary)" parentSchemaName="competitor" parentDisplayName="Competitor" solution="msdynce_Sales (9.0.4.0076)" id="{57bca9ac-87a0-4c28-adc8-2d0a4645f29e}" />
        <Dependent key="64" type="60" displayName="Opportunity" parentDisplayName="Opportunity" id="{a837e4a7-01b8-4f82-a475-be9abd67e667}" />
      </MissingDependency>
      <MissingDependency>
        <Required key="97" type="26" schemaName="Opportunity Product Inline Edit View: Bundle Products" displayName="Opportunity Product Inline Edit View: Bundle Products" parentSchemaName="opportunityproduct" parentDisplayName="Opportunity Line" solution="msdynce_SalesPatch (9.0.1904.3002)" id="{e175dfbf-8eae-4af2-9dd2-68c43c14d40f}" />
        <Dependent key="64" type="60" displayName="Opportunity" parentDisplayName="Opportunity" id="{a837e4a7-01b8-4f82-a475-be9abd67e667}" />
      </MissingDependency>
      <MissingDependency>
        <Required key="98" type="26" schemaName="Opportunity Quotes" displayName="Opportunity Quotes" parentSchemaName="quote" parentDisplayName="Quote" solution="msdynce_Sales (9.0.4.0076)" id="{61a4c932-d775-e211-b420-00155d806600}" />
        <Dependent key="64" type="60" displayName="Opportunity" parentDisplayName="Opportunity" id="{a837e4a7-01b8-4f82-a475-be9abd67e667}" />
      </MissingDependency>
      <MissingDependency>
        <Required key="99" type="26" schemaName="Work Order Type Lookup View" displayName="Work Order Type Lookup View" parentSchemaName="msdyn_workordertype" parentDisplayName="Work Order Type" solution="FieldService (8.8.0.88)" id="{8f0514ca-d271-46cc-b531-41791c56949a}" />
        <Dependent key="64" type="60" displayName="Opportunity" parentDisplayName="Opportunity" id="{a837e4a7-01b8-4f82-a475-be9abd67e667}" />
      </MissingDependency>
      <MissingDependency>
        <Required key="64" type="60" displayName="Opportunity" parentDisplayName="Opportunity" solution="msdynce_Sales (9.0.4.0076)" id="{a837e4a7-01b8-4f82-a475-be9abd67e667}" />
        <Dependent key="64" type="60" displayName="Opportunity" parentDisplayName="Opportunity" id="{a837e4a7-01b8-4f82-a475-be9abd67e667}" />
      </MissingDependency>
      <MissingDependency>
        <Required key="60" type="66" schemaName="MscrmControls.Grid.ReadOnlyGrid" displayName="MscrmControls.Grid.ReadOnlyGrid" solution="BaseCustomControlsCore (9.0.2005.3028)" />
        <Dependent key="64" type="60" displayName="Opportunity" parentDisplayName="Opportunity" id="{a837e4a7-01b8-4f82-a475-be9abd67e667}" />
      </MissingDependency>
      <MissingDependency>
        <Required key="18" type="66" schemaName="MscrmControls.CardFeedContainer.CardFeedContainer" displayName="MscrmControls.CardFeedContainer.CardFeedContainer" solution="BaseCustomControlsCore (9.0.2005.3028)" />
        <Dependent key="64" type="60" displayName="Opportunity" parentDisplayName="Opportunity" id="{a837e4a7-01b8-4f82-a475-be9abd67e667}" />
      </MissingDependency>
      <MissingDependency>
        <Required key="100" type="66" schemaName="MscrmControls.Grid.GridControl" displayName="MscrmControls.Grid.GridControl" solution="BaseCustomControlsCore (9.0.2005.3028)" />
        <Dependent key="64" type="60" displayName="Opportunity" parentDisplayName="Opportunity" id="{a837e4a7-01b8-4f82-a475-be9abd67e667}" />
      </MissingDependency>
      <MissingDependency>
        <Required key="101" type="61" schemaName="msdyn_/Opportunity/Scripts/OpportunityCoreCrmInitialization.js" displayName="msdyn_/Opportunity/Scripts/OpportunityCoreCrmInitialization.js" solution="ProjectService (3.10.0.31)" />
        <Dependent key="64" type="60" displayName="Opportunity" parentDisplayName="Opportunity" id="{a837e4a7-01b8-4f82-a475-be9abd67e667}" />
      </MissingDependency>
      <MissingDependency>
        <Required key="21" type="61" schemaName="Sales/ClientCommon/Sales_ClientCommon.js" displayName="Sales/ClientCommon/Sales_ClientCommon.js" solution="msdynce_Sales (9.0.4.0076)" />
        <Dependent key="64" type="60" displayName="Opportunity" parentDisplayName="Opportunity" id="{a837e4a7-01b8-4f82-a475-be9abd67e667}" />
      </MissingDependency>
      <MissingDependency>
        <Required key="102" type="61" schemaName="msdyn_/Libraries/require/require.js" displayName="msdyn_/Libraries/require/require.js" solution="ProjectService (3.10.0.31)" />
        <Dependent key="64" type="60" displayName="Opportunity" parentDisplayName="Opportunity" id="{a837e4a7-01b8-4f82-a475-be9abd67e667}" />
      </MissingDependency>
      <MissingDependency>
        <Required key="103" type="61" schemaName="msdyn_/Opportunity/Opportunity.Library.js" displayName="msdyn_/Opportunity/Opportunity.Library.js" solution="FieldService (8.8.0.88)" />
        <Dependent key="64" type="60" displayName="Opportunity" parentDisplayName="Opportunity" id="{a837e4a7-01b8-4f82-a475-be9abd67e667}" />
      </MissingDependency>
      <MissingDependency>
        <Required key="104" type="1" schemaName="msdyn_accountpricelist" displayName="Account Project Price List" solution="ProjectService (3.10.0.31)" />
        <Dependent key="105" type="60" displayName="Account" parentDisplayName="Account" id="{8448b78f-8f42-454e-8e2a-f8196b0419af}" />
      </MissingDependency>
      <MissingDependency>
        <Required key="106" type="2" schemaName="msdyn_workhourtemplate" displayName="Work Hour Template" parentSchemaName="account" parentDisplayName="Account" solution="FieldService (8.8.0.88)" />
        <Dependent key="105" type="60" displayName="Account" parentDisplayName="Account" id="{8448b78f-8f42-454e-8e2a-f8196b0419af}" />
      </MissingDependency>
      <MissingDependency>
        <Required key="107" type="2" schemaName="msdyn_travelcharge" displayName="Travel Charge" parentSchemaName="account" parentDisplayName="Account" solution="FieldService (8.8.0.88)" />
        <Dependent key="105" type="60" displayName="Account" parentDisplayName="Account" id="{8448b78f-8f42-454e-8e2a-f8196b0419af}" />
      </MissingDependency>
      <MissingDependency>
        <Required key="108" type="2" schemaName="msdyn_billingaccount" displayName="Billing Account" parentSchemaName="account" parentDisplayName="Account" solution="FieldServiceCommon (1.0.0.76)" />
        <Dependent key="105" type="60" displayName="Account" parentDisplayName="Account" id="{8448b78f-8f42-454e-8e2a-f8196b0419af}" />
      </MissingDependency>
      <MissingDependency>
        <Required key="109" type="2" schemaName="msdyn_serviceterritory" displayName="Service Territory" parentSchemaName="account" parentDisplayName="Account" solution="FieldService (8.8.0.88)" />
        <Dependent key="105" type="60" displayName="Account" parentDisplayName="Account" id="{8448b78f-8f42-454e-8e2a-f8196b0419af}" />
      </MissingDependency>
      <MissingDependency>
        <Required key="110" type="2" schemaName="msdyn_workorderinstructions" displayName="Work Order Instructions" parentSchemaName="account" parentDisplayName="Account" solution="FieldService (8.8.0.88)" />
        <Dependent key="105" type="60" displayName="Account" parentDisplayName="Account" id="{8448b78f-8f42-454e-8e2a-f8196b0419af}" />
      </MissingDependency>
      <MissingDependency>
        <Required key="111" type="2" schemaName="msdyn_taxexemptnumber" displayName="Tax Exempt Number" parentSchemaName="account" parentDisplayName="Account" solution="FieldServiceCommon (1.0.0.76)" />
        <Dependent key="105" type="60" displayName="Account" parentDisplayName="Account" id="{8448b78f-8f42-454e-8e2a-f8196b0419af}" />
      </MissingDependency>
      <MissingDependency>
        <Required key="112" type="2" schemaName="msdyn_travelchargetype" displayName="Travel Charge Type" parentSchemaName="account" parentDisplayName="Account" solution="FieldService (8.8.0.88)" />
        <Dependent key="105" type="60" displayName="Account" parentDisplayName="Account" id="{8448b78f-8f42-454e-8e2a-f8196b0419af}" />
      </MissingDependency>
      <MissingDependency>
        <Required key="113" type="2" schemaName="defaultpricelevelid" displayName="Product Price List" parentSchemaName="account" parentDisplayName="Account" solution="msdynce_ProductManagement (9.0.4.0066)" />
        <Dependent key="105" type="60" displayName="Account" parentDisplayName="Account" id="{8448b78f-8f42-454e-8e2a-f8196b0419af}" />
      </MissingDependency>
      <MissingDependency>
        <Required key="114" type="2" schemaName="msdyn_taxexempt" displayName="Tax Exempt" parentSchemaName="account" parentDisplayName="Account" solution="FieldServiceCommon (1.0.0.76)" />
        <Dependent key="105" type="60" displayName="Account" parentDisplayName="Account" id="{8448b78f-8f42-454e-8e2a-f8196b0419af}" />
      </MissingDependency>
      <MissingDependency>
        <Required key="115" type="2" schemaName="msdyn_salestaxcode" displayName="Sales Tax Code" parentSchemaName="account" parentDisplayName="Account" solution="FieldService (8.8.0.88)" />
        <Dependent key="105" type="60" displayName="Account" parentDisplayName="Account" id="{8448b78f-8f42-454e-8e2a-f8196b0419af}" />
      </MissingDependency>
      <MissingDependency>
        <Required key="116" type="10" schemaName="msdyn_account_msdyn_agreement_BillingAccount" displayName="msdyn_account_msdyn_agreement_BillingAccount" parentSchemaName="account" parentDisplayName="Account" solution="FieldService (8.8.0.88)" />
        <Dependent key="105" type="60" displayName="Account" parentDisplayName="Account" id="{8448b78f-8f42-454e-8e2a-f8196b0419af}" />
      </MissingDependency>
      <MissingDependency>
        <Required key="117" type="10" schemaName="msdyn_msdyn_workhourtemplate_account_workhourtemplate" displayName="msdyn_msdyn_workhourtemplate_account_workhourtemplate" parentSchemaName="msdyn_workhourtemplate" parentDisplayName="Work template" solution="FieldService (8.8.0.88)" />
        <Dependent key="105" type="60" displayName="Account" parentDisplayName="Account" id="{8448b78f-8f42-454e-8e2a-f8196b0419af}" />
      </MissingDependency>
      <MissingDependency>
        <Required key="118" type="10" schemaName="msdyn_account_msdyn_purchaseorder_Vendor" displayName="msdyn_account_msdyn_purchaseorder_Vendor" parentSchemaName="account" parentDisplayName="Account" solution="FieldService (8.8.0.88)" />
        <Dependent key="105" type="60" displayName="Account" parentDisplayName="Account" id="{8448b78f-8f42-454e-8e2a-f8196b0419af}" />
      </MissingDependency>
      <MissingDependency>
        <Required key="119" type="10" schemaName="msdyn_account_msdyn_agreement_ServiceAccount" displayName="msdyn_account_msdyn_agreement_ServiceAccount" parentSchemaName="account" parentDisplayName="Account" solution="FieldService (8.8.0.88)" />
        <Dependent key="105" type="60" displayName="Account" parentDisplayName="Account" id="{8448b78f-8f42-454e-8e2a-f8196b0419af}" />
      </MissingDependency>
      <MissingDependency>
        <Required key="120" type="10" schemaName="msdyn_account_msdyn_payment_Account" displayName="msdyn_account_msdyn_payment_Account" parentSchemaName="account" parentDisplayName="Account" solution="FieldService (8.8.0.88)" />
        <Dependent key="105" type="60" displayName="Account" parentDisplayName="Account" id="{8448b78f-8f42-454e-8e2a-f8196b0419af}" />
      </MissingDependency>
      <MissingDependency>
        <Required key="121" type="10" schemaName="msdyn_account_msdyn_rma_BillingAccount" displayName="msdyn_account_msdyn_rma_BillingAccount" parentSchemaName="account" parentDisplayName="Account" solution="FieldService (8.8.0.88)" />
        <Dependent key="105" type="60" displayName="Account" parentDisplayName="Account" id="{8448b78f-8f42-454e-8e2a-f8196b0419af}" />
      </MissingDependency>
      <MissingDependency>
        <Required key="122" type="10" schemaName="msdyn_account_msdyn_workorder_BillingAccount" displayName="msdyn_account_msdyn_workorder_BillingAccount" parentSchemaName="account" parentDisplayName="Account" solution="FieldService (8.8.0.88)" />
        <Dependent key="105" type="60" displayName="Account" parentDisplayName="Account" id="{8448b78f-8f42-454e-8e2a-f8196b0419af}" />
      </MissingDependency>
      <MissingDependency>
        <Required key="123" type="10" schemaName="msdyn_account_msdyn_customerasset_Account" displayName="msdyn_account_msdyn_customerasset_Account" parentSchemaName="msdyn_customerasset" parentDisplayName="Customer Asset" solution="msdyn_AssetCommon (1.0.0.91)" />
        <Dependent key="105" type="60" displayName="Account" parentDisplayName="Account" id="{8448b78f-8f42-454e-8e2a-f8196b0419af}" />
      </MissingDependency>
      <MissingDependency>
        <Required key="124" type="10" schemaName="msdyn_account_account_BillingAccount" displayName="msdyn_account_account_BillingAccount" parentSchemaName="account" parentDisplayName="Account" solution="FieldServiceCommon (1.0.0.76)" />
        <Dependent key="105" type="60" displayName="Account" parentDisplayName="Account" id="{8448b78f-8f42-454e-8e2a-f8196b0419af}" />
      </MissingDependency>
      <MissingDependency>
        <Required key="125" type="10" schemaName="msdyn_msdyn_taxcode_account_SalesTaxCode" displayName="msdyn_msdyn_taxcode_account_SalesTaxCode" parentSchemaName="msdyn_taxcode" parentDisplayName="Tax Code" solution="FieldService (8.8.0.88)" />
        <Dependent key="105" type="60" displayName="Account" parentDisplayName="Account" id="{8448b78f-8f42-454e-8e2a-f8196b0419af}" />
      </MissingDependency>
      <MissingDependency>
        <Required key="126" type="10" schemaName="msdyn_account_msdyn_rma_ServiceAccount" displayName="msdyn_account_msdyn_rma_ServiceAccount" parentSchemaName="account" parentDisplayName="Account" solution="FieldService (8.8.0.88)" />
        <Dependent key="105" type="60" displayName="Account" parentDisplayName="Account" id="{8448b78f-8f42-454e-8e2a-f8196b0419af}" />
      </MissingDependency>
      <MissingDependency>
        <Required key="127" type="10" schemaName="msdyn_account_msdyn_accountpricelist_Account" displayName="msdyn_account_msdyn_accountpricelist_Account" parentSchemaName="account" parentDisplayName="Account" solution="ProjectService (3.10.0.31)" />
        <Dependent key="105" type="60" displayName="Account" parentDisplayName="Account" id="{8448b78f-8f42-454e-8e2a-f8196b0419af}" />
      </MissingDependency>
      <MissingDependency>
        <Required key="128" type="10" schemaName="msdyn_territory_account_ServiceTerritory" displayName="msdyn_territory_account_ServiceTerritory" parentSchemaName="territory" parentDisplayName="Territory" solution="FieldService (8.8.0.88)" />
        <Dependent key="105" type="60" displayName="Account" parentDisplayName="Account" id="{8448b78f-8f42-454e-8e2a-f8196b0419af}" />
      </MissingDependency>
      <MissingDependency>
        <Required key="129" type="10" schemaName="msdyn_account_msdyn_workorder_ServiceAccount" displayName="msdyn_account_msdyn_workorder_ServiceAccount" parentSchemaName="account" parentDisplayName="Account" solution="FieldService (8.8.0.88)" />
        <Dependent key="105" type="60" displayName="Account" parentDisplayName="Account" id="{8448b78f-8f42-454e-8e2a-f8196b0419af}" />
      </MissingDependency>
      <MissingDependency>
        <Required key="130" type="10" schemaName="msdyn_account_msdyn_rtv_Vendor" displayName="msdyn_account_msdyn_rtv_Vendor" parentSchemaName="account" parentDisplayName="Account" solution="FieldService (8.8.0.88)" />
        <Dependent key="105" type="60" displayName="Account" parentDisplayName="Account" id="{8448b78f-8f42-454e-8e2a-f8196b0419af}" />
      </MissingDependency>
      <MissingDependency>
        <Required key="131" type="10" schemaName="msdyn_account_msdyn_project_Customer" displayName="msdyn_account_msdyn_project_Customer" parentSchemaName="account" parentDisplayName="Account" solution="ProjectService (3.10.0.31)" />
        <Dependent key="105" type="60" displayName="Account" parentDisplayName="Account" id="{8448b78f-8f42-454e-8e2a-f8196b0419af}" />
      </MissingDependency>
      <MissingDependency>
        <Required key="132" type="26" schemaName="Active Project Price Lists" displayName="Active Project Price Lists" parentSchemaName="msdyn_accountpricelist" parentDisplayName="Account Project Price List" solution="ProjectService (3.10.0.31)" id="{9e8bd99a-72e8-49fe-8c6f-ec1ac8407f5a}" />
        <Dependent key="105" type="60" displayName="Account" parentDisplayName="Account" id="{8448b78f-8f42-454e-8e2a-f8196b0419af}" />
      </MissingDependency>
      <MissingDependency>
        <Required key="105" type="60" displayName="Account" parentDisplayName="Account" solution="msdynce_AppCommon (9.0.4.0066)" id="{8448b78f-8f42-454e-8e2a-f8196b0419af}" />
        <Dependent key="105" type="60" displayName="Account" parentDisplayName="Account" id="{8448b78f-8f42-454e-8e2a-f8196b0419af}" />
      </MissingDependency>
      <MissingDependency>
        <Required key="16" type="60" displayName="account contact card" parentDisplayName="Contact" solution="msdynce_AppCommon (9.0.4.0066)" id="{29de27bc-a257-4f29-99cf-bab4a84e688f}" />
        <Dependent key="105" type="60" displayName="Account" parentDisplayName="Account" id="{8448b78f-8f42-454e-8e2a-f8196b0419af}" />
      </MissingDependency>
      <MissingDependency>
        <Required key="18" type="66" schemaName="MscrmControls.CardFeedContainer.CardFeedContainer" displayName="MscrmControls.CardFeedContainer.CardFeedContainer" solution="BaseCustomControlsCore (9.0.2005.3028)" />
        <Dependent key="105" type="60" displayName="Account" parentDisplayName="Account" id="{8448b78f-8f42-454e-8e2a-f8196b0419af}" />
      </MissingDependency>
      <MissingDependency>
        <Required key="102" type="61" schemaName="msdyn_/Libraries/require/require.js" displayName="msdyn_/Libraries/require/require.js" solution="ProjectService (3.10.0.31)" />
        <Dependent key="105" type="60" displayName="Account" parentDisplayName="Account" id="{8448b78f-8f42-454e-8e2a-f8196b0419af}" />
      </MissingDependency>
      <MissingDependency>
        <Required key="133" type="61" schemaName="msdyn_/Utils/FieldServiceTrial.js" displayName="msdyn_/Utils/FieldServiceTrial.js" solution="FieldService (8.8.0.88)" />
        <Dependent key="105" type="60" displayName="Account" parentDisplayName="Account" id="{8448b78f-8f42-454e-8e2a-f8196b0419af}" />
      </MissingDependency>
      <MissingDependency>
        <Required key="134" type="61" schemaName="msdyn_/Account/Account.Library.js" displayName="msdyn_/Account/Account.Library.js" solution="FieldService (8.8.0.88)" />
        <Dependent key="105" type="60" displayName="Account" parentDisplayName="Account" id="{8448b78f-8f42-454e-8e2a-f8196b0419af}" />
      </MissingDependency>
      <MissingDependency>
        <Required key="135" type="2" schemaName="address1_country" displayName="Country/Region" parentSchemaName="lead" parentDisplayName="Lead" solution="msdynce_LeadManagement (9.0.4.0066)" />
        <Dependent key="136" type="60" displayName="Lead Quick Create" parentDisplayName="Lead" id="{aa7c154f-e2f8-45db-b780-a9a8a96332fe}" />
      </MissingDependency>
      <MissingDependency>
        <Required key="137" type="2" schemaName="budgetamount" displayName="Budget Amount" parentSchemaName="lead" parentDisplayName="Lead" solution="msdynce_LeadManagement (9.0.4.0066)" />
        <Dependent key="136" type="60" displayName="Lead Quick Create" parentDisplayName="Lead" id="{aa7c154f-e2f8-45db-b780-a9a8a96332fe}" />
      </MissingDependency>
      <MissingDependency>
        <Required key="38" type="2" schemaName="telephone1" displayName="Business Phone" parentSchemaName="lead" parentDisplayName="Lead" solution="msdynce_LeadManagement (9.0.4.0066)" />
        <Dependent key="136" type="60" displayName="Lead Quick Create" parentDisplayName="Lead" id="{aa7c154f-e2f8-45db-b780-a9a8a96332fe}" />
      </MissingDependency>
      <MissingDependency>
        <Required key="138" type="2" schemaName="purchasetimeframe" displayName="Purchase Timeframe" parentSchemaName="lead" parentDisplayName="Lead" solution="msdynce_LeadManagement (9.0.4.0066)" />
        <Dependent key="136" type="60" displayName="Lead Quick Create" parentDisplayName="Lead" id="{aa7c154f-e2f8-45db-b780-a9a8a96332fe}" />
      </MissingDependency>
      <MissingDependency>
        <Required key="139" type="2" schemaName="lastname" displayName="Last Name" parentSchemaName="lead" parentDisplayName="Lead" solution="msdynce_LeadManagement (9.0.4.0066)" />
        <Dependent key="136" type="60" displayName="Lead Quick Create" parentDisplayName="Lead" id="{aa7c154f-e2f8-45db-b780-a9a8a96332fe}" />
      </MissingDependency>
      <MissingDependency>
        <Required key="26" type="2" schemaName="companyname" displayName="Company Name" parentSchemaName="lead" parentDisplayName="Lead" solution="msdynce_LeadManagement (9.0.4.0066)" />
        <Dependent key="136" type="60" displayName="Lead Quick Create" parentDisplayName="Lead" id="{aa7c154f-e2f8-45db-b780-a9a8a96332fe}" />
      </MissingDependency>
      <MissingDependency>
        <Required key="43" type="2" schemaName="leadsourcecode" displayName="Lead Source" parentSchemaName="lead" parentDisplayName="Lead" solution="msdynce_LeadManagement (9.0.4.0066)" />
        <Dependent key="136" type="60" displayName="Lead Quick Create" parentDisplayName="Lead" id="{aa7c154f-e2f8-45db-b780-a9a8a96332fe}" />
      </MissingDependency>
      <MissingDependency>
        <Required key="33" type="2" schemaName="mobilephone" displayName="Mobile Phone" parentSchemaName="lead" parentDisplayName="Lead" solution="msdynce_LeadManagement (9.0.4.0066)" />
        <Dependent key="136" type="60" displayName="Lead Quick Create" parentDisplayName="Lead" id="{aa7c154f-e2f8-45db-b780-a9a8a96332fe}" />
      </MissingDependency>
      <MissingDependency>
        <Required key="28" type="2" schemaName="jobtitle" displayName="Job Title" parentSchemaName="lead" parentDisplayName="Lead" solution="msdynce_LeadManagement (9.0.4.0066)" />
        <Dependent key="136" type="60" displayName="Lead Quick Create" parentDisplayName="Lead" id="{aa7c154f-e2f8-45db-b780-a9a8a96332fe}" />
      </MissingDependency>
      <MissingDependency>
        <Required key="36" type="2" schemaName="emailaddress1" displayName="Email" parentSchemaName="lead" parentDisplayName="Lead" solution="msdynce_LeadManagement (9.0.4.0066)" />
        <Dependent key="136" type="60" displayName="Lead Quick Create" parentDisplayName="Lead" id="{aa7c154f-e2f8-45db-b780-a9a8a96332fe}" />
      </MissingDependency>
      <MissingDependency>
        <Required key="45" type="2" schemaName="subject" displayName="Topic" parentSchemaName="lead" parentDisplayName="Lead" solution="msdynce_LeadManagement (9.0.4.0066)" />
        <Dependent key="136" type="60" displayName="Lead Quick Create" parentDisplayName="Lead" id="{aa7c154f-e2f8-45db-b780-a9a8a96332fe}" />
      </MissingDependency>
      <MissingDependency>
        <Required key="140" type="2" schemaName="address1_postofficebox" displayName="Address 1: Post Office Box" parentSchemaName="lead" parentDisplayName="Lead" solution="msdynce_LeadManagement (9.0.4.0066)" />
        <Dependent key="136" type="60" displayName="Lead Quick Create" parentDisplayName="Lead" id="{aa7c154f-e2f8-45db-b780-a9a8a96332fe}" />
      </MissingDependency>
      <MissingDependency>
        <Required key="49" type="2" schemaName="description" displayName="Description" parentSchemaName="lead" parentDisplayName="Lead" solution="msdynce_LeadManagement (9.0.4.0066)" />
        <Dependent key="136" type="60" displayName="Lead Quick Create" parentDisplayName="Lead" id="{aa7c154f-e2f8-45db-b780-a9a8a96332fe}" />
      </MissingDependency>
      <MissingDependency>
        <Required key="141" type="2" schemaName="address1_stateorprovince" displayName="State/Province" parentSchemaName="lead" parentDisplayName="Lead" solution="msdynce_LeadManagement (9.0.4.0066)" />
        <Dependent key="136" type="60" displayName="Lead Quick Create" parentDisplayName="Lead" id="{aa7c154f-e2f8-45db-b780-a9a8a96332fe}" />
      </MissingDependency>
      <MissingDependency>
        <Required key="142" type="2" schemaName="address1_city" displayName="City" parentSchemaName="lead" parentDisplayName="Lead" solution="msdynce_LeadManagement (9.0.4.0066)" />
        <Dependent key="136" type="60" displayName="Lead Quick Create" parentDisplayName="Lead" id="{aa7c154f-e2f8-45db-b780-a9a8a96332fe}" />
      </MissingDependency>
      <MissingDependency>
        <Required key="143" type="2" schemaName="firstname" displayName="First Name" parentSchemaName="lead" parentDisplayName="Lead" solution="msdynce_LeadManagement (9.0.4.0066)" />
        <Dependent key="136" type="60" displayName="Lead Quick Create" parentDisplayName="Lead" id="{aa7c154f-e2f8-45db-b780-a9a8a96332fe}" />
      </MissingDependency>
      <MissingDependency>
        <Required key="144" type="2" schemaName="address1_postalcode" displayName="ZIP/Postal Code" parentSchemaName="lead" parentDisplayName="Lead" solution="msdynce_LeadManagement (9.0.4.0066)" />
        <Dependent key="136" type="60" displayName="Lead Quick Create" parentDisplayName="Lead" id="{aa7c154f-e2f8-45db-b780-a9a8a96332fe}" />
      </MissingDependency>
      <MissingDependency>
        <Required key="34" type="2" schemaName="websiteurl" displayName="Website" parentSchemaName="lead" parentDisplayName="Lead" solution="msdynce_LeadManagement (9.0.4.0066)" />
        <Dependent key="136" type="60" displayName="Lead Quick Create" parentDisplayName="Lead" id="{aa7c154f-e2f8-45db-b780-a9a8a96332fe}" />
      </MissingDependency>
      <MissingDependency>
        <Required key="46" type="2" schemaName="businesscard" displayName="Business Card" parentSchemaName="lead" parentDisplayName="Lead" solution="msdynce_SalesPatch201904 (9.0.1912.1007)" />
        <Dependent key="136" type="60" displayName="Lead Quick Create" parentDisplayName="Lead" id="{aa7c154f-e2f8-45db-b780-a9a8a96332fe}" />
      </MissingDependency>
      <MissingDependency>
        <Required key="39" type="2" schemaName="businesscardattributes" displayName="BusinessCardAttributes" parentSchemaName="lead" parentDisplayName="Lead" solution="msdynce_SalesPatch201904 (9.0.1912.1007)" />
        <Dependent key="136" type="60" displayName="Lead Quick Create" parentDisplayName="Lead" id="{aa7c154f-e2f8-45db-b780-a9a8a96332fe}" />
      </MissingDependency>
      <MissingDependency>
        <Required key="145" type="2" schemaName="address1_line1" displayName="Street 1" parentSchemaName="lead" parentDisplayName="Lead" solution="msdynce_LeadManagement (9.0.4.0066)" />
        <Dependent key="136" type="60" displayName="Lead Quick Create" parentDisplayName="Lead" id="{aa7c154f-e2f8-45db-b780-a9a8a96332fe}" />
      </MissingDependency>
      <MissingDependency>
        <Required key="136" type="60" displayName="Lead Quick Create" parentDisplayName="Lead" solution="msdynce_LeadManagement (9.0.4.0066)" id="{aa7c154f-e2f8-45db-b780-a9a8a96332fe}" />
        <Dependent key="136" type="60" displayName="Lead Quick Create" parentDisplayName="Lead" id="{aa7c154f-e2f8-45db-b780-a9a8a96332fe}" />
      </MissingDependency>
      <MissingDependency>
        <Required key="17" type="66" schemaName="Intelligence.BusinessCardReaderControl.BusinessCardReader" displayName="Intelligence.BusinessCardReaderControl.BusinessCardReader" solution="BaseCustomControlsCore (9.0.2005.3028)" />
        <Dependent key="136" type="60" displayName="Lead Quick Create" parentDisplayName="Lead" id="{aa7c154f-e2f8-45db-b780-a9a8a96332fe}" />
      </MissingDependency>
      <MissingDependency>
        <Required key="82" type="2" schemaName="estimatedclosedate" displayName="Est. Close Date" parentSchemaName="opportunity" parentDisplayName="Opportunity" solution="msdynce_Sales (9.0.4.0076)" />
        <Dependent key="146" type="60" displayName="Opportunity" parentDisplayName="Opportunity" id="{e3c588ee-8e11-49da-a5fe-3800f3f683de}" />
      </MissingDependency>
      <MissingDependency>
        <Required key="92" type="2" schemaName="msdyn_ordertype" displayName="Order Type" parentSchemaName="opportunity" parentDisplayName="Opportunity" solution="ProjectService (3.10.0.31)" />
        <Dependent key="146" type="60" displayName="Opportunity" parentDisplayName="Opportunity" id="{e3c588ee-8e11-49da-a5fe-3800f3f683de}" />
      </MissingDependency>
      <MissingDependency>
        <Required key="76" type="2" schemaName="parentaccountid" displayName="Account" parentSchemaName="opportunity" parentDisplayName="Opportunity" solution="msdynce_Sales (9.0.4.0076)" />
        <Dependent key="146" type="60" displayName="Opportunity" parentDisplayName="Opportunity" id="{e3c588ee-8e11-49da-a5fe-3800f3f683de}" />
      </MissingDependency>
      <MissingDependency>
        <Required key="84" type="2" schemaName="customerneed" displayName="Customer Need" parentSchemaName="opportunity" parentDisplayName="Opportunity" solution="msdynce_Sales (9.0.4.0076)" />
        <Dependent key="146" type="60" displayName="Opportunity" parentDisplayName="Opportunity" id="{e3c588ee-8e11-49da-a5fe-3800f3f683de}" />
      </MissingDependency>
      <MissingDependency>
        <Required key="93" type="2" schemaName="estimatedvalue" displayName="Est. Revenue" parentSchemaName="opportunity" parentDisplayName="Opportunity" solution="msdynce_Sales (9.0.4.0076)" />
        <Dependent key="146" type="60" displayName="Opportunity" parentDisplayName="Opportunity" id="{e3c588ee-8e11-49da-a5fe-3800f3f683de}" />
      </MissingDependency>
      <MissingDependency>
        <Required key="86" type="2" schemaName="name" displayName="Topic" parentSchemaName="opportunity" parentDisplayName="Opportunity" solution="msdynce_Sales (9.0.4.0076)" />
        <Dependent key="146" type="60" displayName="Opportunity" parentDisplayName="Opportunity" id="{e3c588ee-8e11-49da-a5fe-3800f3f683de}" />
      </MissingDependency>
      <MissingDependency>
        <Required key="81" type="2" schemaName="parentcontactid" displayName="Contact" parentSchemaName="opportunity" parentDisplayName="Opportunity" solution="msdynce_Sales (9.0.4.0076)" />
        <Dependent key="146" type="60" displayName="Opportunity" parentDisplayName="Opportunity" id="{e3c588ee-8e11-49da-a5fe-3800f3f683de}" />
      </MissingDependency>
      <MissingDependency>
        <Required key="68" type="2" schemaName="budgetamount" displayName="Budget Amount" parentSchemaName="opportunity" parentDisplayName="Opportunity" solution="msdynce_Sales (9.0.4.0076)" />
        <Dependent key="146" type="60" displayName="Opportunity" parentDisplayName="Opportunity" id="{e3c588ee-8e11-49da-a5fe-3800f3f683de}" />
      </MissingDependency>
      <MissingDependency>
        <Required key="147" type="2" schemaName="msdyn_contractorganizationalunitid" displayName="Contracting Unit" parentSchemaName="opportunity" parentDisplayName="Opportunity" solution="ProjectService (3.10.0.31)" />
        <Dependent key="146" type="60" displayName="Opportunity" parentDisplayName="Opportunity" id="{e3c588ee-8e11-49da-a5fe-3800f3f683de}" />
      </MissingDependency>
      <MissingDependency>
        <Required key="148" type="10" schemaName="msdyn_organizationalunit_opportunity" displayName="msdyn_organizationalunit_opportunity" parentSchemaName="msdyn_organizationalunit" parentDisplayName="Organizational Unit" solution="ProjectService (3.10.0.31)" />
        <Dependent key="146" type="60" displayName="Opportunity" parentDisplayName="Opportunity" id="{e3c588ee-8e11-49da-a5fe-3800f3f683de}" />
      </MissingDependency>
      <MissingDependency>
        <Required key="146" type="60" displayName="Opportunity" parentDisplayName="Opportunity" solution="msdynce_Sales (9.0.4.0076)" id="{e3c588ee-8e11-49da-a5fe-3800f3f683de}" />
        <Dependent key="146" type="60" displayName="Opportunity" parentDisplayName="Opportunity" id="{e3c588ee-8e11-49da-a5fe-3800f3f683de}" />
      </MissingDependency>
      <MissingDependency>
        <Required key="103" type="61" schemaName="msdyn_/Opportunity/Opportunity.Library.js" displayName="msdyn_/Opportunity/Opportunity.Library.js" solution="FieldService (8.8.0.88)" />
        <Dependent key="146" type="60" displayName="Opportunity" parentDisplayName="Opportunity" id="{e3c588ee-8e11-49da-a5fe-3800f3f683de}" />
      </MissingDependency>
      <MissingDependency>
        <Required key="7" type="2" schemaName="businesscardattributes" displayName="BusinessCardAttributes" parentSchemaName="contact" parentDisplayName="Contact" solution="msdynce_SalesPatch201904 (9.0.1912.1007)" />
        <Dependent key="149" type="60" displayName="Contact Quick Create" parentDisplayName="Contact" id="{661157fe-2fc9-4eaa-835f-5bfa2f7b64f7}" />
      </MissingDependency>
      <MissingDependency>
        <Required key="5" type="2" schemaName="businesscard" displayName="Business Card" parentSchemaName="contact" parentDisplayName="Contact" solution="msdynce_SalesPatch201904 (9.0.1912.1007)" />
        <Dependent key="149" type="60" displayName="Contact Quick Create" parentDisplayName="Contact" id="{661157fe-2fc9-4eaa-835f-5bfa2f7b64f7}" />
      </MissingDependency>
      <MissingDependency>
        <Required key="149" type="60" displayName="Contact Quick Create" parentDisplayName="Contact" solution="msdynce_AppCommon (9.0.4.0066)" id="{661157fe-2fc9-4eaa-835f-5bfa2f7b64f7}" />
        <Dependent key="149" type="60" displayName="Contact Quick Create" parentDisplayName="Contact" id="{661157fe-2fc9-4eaa-835f-5bfa2f7b64f7}" />
      </MissingDependency>
      <MissingDependency>
        <Required key="17" type="66" schemaName="Intelligence.BusinessCardReaderControl.BusinessCardReader" displayName="Intelligence.BusinessCardReaderControl.BusinessCardReader" solution="BaseCustomControlsCore (9.0.2005.3028)" />
        <Dependent key="149" type="60" displayName="Contact Quick Create" parentDisplayName="Contact" id="{661157fe-2fc9-4eaa-835f-5bfa2f7b64f7}" />
      </MissingDependency>
      <MissingDependency>
        <Required key="150" type="60" displayName="Account Quick Create" parentDisplayName="Account" solution="msdynce_AppCommon (9.0.4.0066)" id="{c9e7ec2d-efca-4e4c-b3e3-f63c4bba5e4b}" />
        <Dependent key="150" type="60" displayName="Account Quick Create" parentDisplayName="Account" id="{c9e7ec2d-efca-4e4c-b3e3-f63c4bba5e4b}" />
      </MissingDependency>
      <MissingDependency>
        <Required key="1" type="1" schemaName="lead" displayName="Lead" solution="msdynce_LeadManagement (9.0.4.0066)" />
        <Dependent key="151" type="62" schemaName="f5_SalesApp" />
      </MissingDependency>
      <MissingDependency>
        <Required key="0" type="1" schemaName="opportunity" displayName="Opportunity" solution="msdynce_Sales (9.0.4.0076)" />
        <Dependent key="151" type="62" schemaName="f5_SalesApp" />
      </MissingDependency>
      <MissingDependency>
        <Required key="1" type="1" schemaName="lead" displayName="Lead" solution="msdynce_LeadManagement (9.0.4.0066)" />
        <Dependent key="152" type="80" schemaName="f5_SalesApp" displayName="Talk 2 D365" />
      </MissingDependency>
      <MissingDependency>
        <Required key="0" type="1" schemaName="opportunity" displayName="Opportunity" solution="msdynce_Sales (9.0.4.0076)" />
        <Dependent key="152" type="80" schemaName="f5_SalesApp" displayName="Talk 2 D365" />
      </MissingDependency>
      <MissingDependency>
        <Required key="153" type="61" schemaName="msdyn_/Images/AppModule_Default_Icon.png" displayName="msdyn_/Images/AppModule_Default_Icon.png" solution="AppModuleWebResources (2.5)" />
        <Dependent key="152" type="80" schemaName="f5_SalesApp" displayName="Talk 2 D365" />
      </MissingDependency>
    </MissingDependencies>
  </SolutionManifest>
</ImportExportXml>